bim360_account_id,service
956c9a49-bc6e-4459-b873-d9ecea0600cb,designCollaboration
956c9a49-bc6e-4459-b873-d9ecea0600cb,glue
956c9a49-bc6e-4459-b873-d9ecea0600cb,modelCoordination
956c9a49-bc6e-4459-b873-d9ecea0600cb,field
956c9a49-bc6e-4459-b873-d9ecea0600cb,costManagement
956c9a49-bc6e-4459-b873-d9ecea0600cb,quantification
956c9a49-bc6e-4459-b873-d9ecea0600cb,projectManagement
956c9a49-bc6e-4459-b873-d9ecea0600cb,assets
956c9a49-bc6e-4459-b873-d9ecea0600cb,insight
956c9a49-bc6e-4459-b873-d9ecea0600cb,fieldManagement
956c9a49-bc6e-4459-b873-d9ecea0600cb,documentManagement
